Index,Customer Id,First Name,Last Name,Company,City,Country,Phone 1,Phone 2,Email
1,DD37Cf93aecA6Dc,Sheryl,Baxter,Rasmussen Group,East Leonard,Chile,229.077.5154,397.884.0519x718,zunigavanessa@smith.info
2,1Ef7b82A4CAAD10,Preston,Lozano,Vega-Gentry,East Jimmychester,Djibouti,5153435776,686-620-1820x944,vmata@colon.com
3,6F94879bDAfE5a6,Roy,Berry,Murillo-Perry,Isabelborough,Antigua and Barbuda,-1199,(496)978-3969x58947,beckycarr@hogan.com
4,5Cef8BFA16c5e3c,Linda,Olsen,"Dominguez, Mcmillan and Donovan",Bensonview,Dominican Republic,001-808-617-6467x12895,-9892,stanleyblackwell@benson.org
5,053d585Ab6b3159,Joanna,Bender,"Martin, Lang and Andrade",West Priscilla,Slovakia (Slovak Republic),001-234-203-0635x76146,001-199-446-3860x3486,colinalvarado@miles.net
6,2d08FB17EE273F4,Aimee,Downs,Steele Group,Chavezborough,Bosnia and Herzegovina,(283)437-3886x88321,999-728-1637,louis27@gilbert.com
7,EA4d384DfDbBf77,Darren,Peck,"Lester, Woodard and Mitchell",Lake Ana,Pitcairn Islands,(496)452-6181x3291,+1-247-266-0963x4995,tgates@cantrell.com
8,0e04AFde9f225dE,Brett,Mullen,"Sanford, Davenport and Giles",Kimport,Bulgaria,001-583-352-7197x297,,
9,C2dE4dEEc489ae0,Sheryl,Meyers,Browning-Simon,Robersonstad,Cyprus,854-138-4911x5772,,
10,8C2811a503C7c5a,Michelle,Gallagher,Beck-Hendrix,Elaineberg,Timor-Leste,739.218.2516x459,,
